{
  "name": "crude-alien-tech",
  "version": "0.4.1",
  "title": "Crude Alien Technology",
  "author": "Wille179",
  "factorio_version": "2.0",
  "dependencies": [
    "base >= 2.0",
    "space-age >= 2.0",
    "fdsl >= 0.2.4",
    "? Flare Stack >=4.0.3",
    "? any-planet-start >= 1.1.24",
    "(?) planetaris-arig >= 1.0.5",
    "(?) lignumis >= 1.0.74",
    "? vulcanus-sulfuric-bacteria",
    "? fulgora-coralmium-agriculture",
    "? aquilo-seabloom-algaculture",
    "(?) dw-frozen-reaches",
    "! early-agriculture",
    "(?) wolfprod >= 0.0.8",
    "(?) Age-of-Production >= 1.8.1"
  ],
  "quality_required": "true",
  "spoiling_required": "true",
  "description": "Adds early-game versions of the Gleba, Fulgora, Vulcanus, and Aquilo production buildings while boosting the existing versions into more powerful Mk2 variants."
}